id,recintoid,numero,tara,peso,volume
5aac14812a87952f481292ec,10,cclu7695473,3800.0,11308.0,68.1
5aac03a92a879503d80696be,3,mscu2703288,2280.0,20746.0,28.0
5aabee3a2a879503d605b56b,2,msku0589637,3880.0,27456.0,60.0
5aabe1df2a879503d504cba9,2,cxtu1050890,4000.0,20366.0,36.25
5aabe1dc2a879503d504ca31,4,maxu6250572,3890.0,22317.0,60.0
5aabec712a879503da058094,3,medu4789184,4300.0,24770.0,44.0
5aac01cd2a879503d8067a98,4,fciu8593406,3900.0,4181.6,60.12
5aabec642a879503da057ad8,12,trhu2352400,2300.0,15661.0,8.58
5aabe1cc2a879503d504bf29,4,hasu5177274,3720.0,5053.0,14.45
5aac0f322a879503da0787fb,1,ponu7808758,3940.0,9503.0,55.7
5aabef112a879503d50569b2,17,tghu6098000,3800.0,20000.0,30.0
5aabfaaf2a879503da062fff,17,tcku2147028,2300.0,18055.0,8.298
5aabee252a879503da05999f,17,sudu1301203,2250.0,23450.45,17.0
5aac0f2c2a879503d607bf29,17,fciu5600970,2180.0,21870.0,23.973
5aac0f272a879503da077edb,10,magu5232317,4000.0,2420.0,67.7
5aabfaad2a879503da062e59,17,fciu5533830,2000.0,23184.0,23.0
5aabdb7a2a879503d6047f06,17,medu8598740,3940.0,28000.0,33.152
5aac0d6a2a879503d80732da,4,sudu1336175,2250.0,20780.0,25.38
5aac35e32a87954f5239adfb,1,mofu6831300,3800.0,4687.0,59.076
5aac0d682a879503d80731f2,4,sudu8102693,4560.0,8236.282,33.032
5aabe62e2a879503da05319c,17,crsu6028568,4740.0,25650.0,51.975
5aabdfa02a879503da04c273,3,trhu3109777,2180.0,19620.0,20.0
5aabe0cf2a879503d804a065,10,magu2286346,2200.0,21150.0,25.0
5aabdc5d2a879503da048658,4,clhu3853375,2210.0,17984.0,22.08
5aabf1d72a879503d80592c2,1,triu4565883,3800.0,3265.4,46.664
5aabfab22a879503da063377,3,msku3509050,2280.0,25220.0,20.0
5aabef172a879503d5056b4e,3,hlxu1074458,2350.0,7950.0,19.0
5aac05582a879503d60741c5,1,msku5823619,2170.0,21750.0,14.41
5aac37002a87954f5439c35d,10,fscu8979614,4000.0,5076.8,66.63
5aabcf452a87956e81eb1eeb,4,sudu5304690,3750.0,18468.0,39.897
5aac35e82a87954f5239b16f,4,hlxu8195066,4000.0,19948.0,19.52
5aac04832a879503da06c095,1,aphu6249276,3870.0,25190.0,50.0
5aabdc5c2a879503da0484fc,4,fciu3978766,2220.0,16500.4,25.725
5aabdf8f2a879503da04b88b,3,medu2685977,2280.0,21300.0,20.0
5aabee332a879503d605aa43,3,caiu2402839,2160.0,17708.0,29.11
5aabdc582a879503da048344,4,hasu4122343,3860.0,25500.0,38.25
5aabf0e42a879503d605d663,4,tcnu8432140,3840.0,9783.97,39.225
5aabcf342a87956e81eb188f,4,tclu1627035,3850.0,25242.0,37.863
5aac01ca2a879503d8067800,10,bmou5108638,4200.0,1124.0,47.76
5aabd0192a87956a8328e8a8,4,bmou5522503,3889.0,12030.767,59.777
5aabef292a879503d505788e,4,sudu8070092,4580.0,9180.15,58.0
5aac0f2a2a879503da07815f,4,ttnu5370670,3745.0,8277.0,44.43
5aac0f2c2a879503da078333,10,tghu6919620,4000.0,25273.46,33.88
5aac047a2a879503da06b74f,1,msku8251836,3880.0,22700.0,54.0
5aabec6e2a879503da057ddc,17,uacu4759712,4520.0,25987.5,35.484
5aabdff32a879503d504ac3c,10,ponu7923710,3960.0,19550.0,40.0
5aabfabd2a879503d60662d4,2,segu9315902,4600.0,20527.0,40.0
5aabf0d82a879503d605cbd3,4,hlxu1402270,2350.0,20060.0,33.0
5aac35e02a87954f5239a937,4,hlxu1124374,2350.0,18755.0,28.0
5aac0f312a879503d607c2bf,17,fciu2314280,2220.0,9556.124,23.516
5aabfaab2a879503da062b5d,3,cslu1711990,2000.0,5230.0,25.0
5aabdb742a879503da0474a5,12,bmou4037674,3970.0,499.0,20.966
5aabcc932a87956a8628b559,1,ponu7605766,3940.0,6096.56,68.47
5aabfaa62a879503da062745,17,hlxu6459895,4090.0,9387.0,20.33
5aac21e92a87952f4a136176,17,msku5506379,2180.0,27081.0,30.0
5aabe6372a879503da0539cc,17,mscu7275156,3940.0,25309.421,44.169
5aabcc922a87956a8628b309,1,caiu7441340,3750.0,23936.0,65.0
5aabcc962a87956a8628ba57,10,cbhu8165890,4000.0,25273.46,33.88
5aac14882a87952f481296c0,3,uacu3888510,2300.0,11055.5,6.89
5aabe1cd2a879503d604e1f4,4,sudu7760730,2220.0,22680.0,20.044
5aabdc542a879503da048024,4,mrku3750722,3880.0,26136.95,26.65
5aabdff82a879503da04d887,3,temu9560254,4000.0,9671.5,52.658
5aabdf882a879503da04b553,4,fciu3507977,2220.0,21607.0,20.0
5aac13b32a87952f4b12856f,17,sudu7992910,2220.0,19360.0,20.0
5aabfaa72a879503da0627a1,17,ecmu1932892,2230.0,18144.0,29.1
5aabfab92a879503d6065bf4,2,mscu7566948,3940.0,5557.47,18.405
5aac03b42a879503d8069cae,17,trhu3889781,2300.0,20007.2,30.0
5aac37012a87954f5439c395,10,emcu9844437,4200.0,25864.0,55.0
5aabef222a879503d5057226,4,sudu8100730,4580.0,27881.49,58.0
5aabee372a879503d605b173,4,hlxu5376097,3700.0,21420.0,39.05
5aac03b72a879503d8069fb2,2,eitu0242760,2200.0,16090.0,20.0
5aabe1d32a879503d604e5c8,4,mscu3870401,2280.0,25428.0,20.0
5aabef282a879503d50577ce,4,hasu4203506,3860.0,11499.002,61.442
5aabfe522a879503d60693c8,2,bafu8812470,4000.0,20194.14,18.902
5aac13c02a87952f4b128adf,12,medu1531262,2280.0,24990.0,33.13
5aabf1f02a879503d505afb0,10,tcnu5989507,3900.0,20480.0,39.93
5aabdf932a879503da04bb1b,2,hasu4451550,3860.0,11760.0,40.0
5aac37142a87954f5439c935,10,dfsu1556615,2000.0,22256.0,29.6
5aabfe542a879503d6069550,3,gldu3168128,2185.0,4041.79,20.0
5aabdff32a879503da04d46b,3,sudu6048588,4580.0,16880.0,46.46
5aabcc952a87956a8628b96f,1,msku0271501,3830.0,5511.0,71.61
5aabef172a879503d5056b56,4,cadu7042465,3940.0,15167.0,65.0
5aabfab12a879503da06320f,2,hasu1548823,2230.0,3536.34,14.8
5aac13c02a87952f4b128b27,12,sudu6571351,3950.0,25525.0,40.152
5aabdffb2a879503da04e197,4,mscu7771095,3940.0,5488.46,42.314
5aac14972a87952f4912a0d8,17,msku2955648,2260.0,27086.4,33.0
5aac055b2a879503d6074579,1,mrku0505017,3700.0,2748.8,41.403
5aabf0db2a879503d605cddf,4,blku1231454,3660.0,24300.0,21.26
5aabcc922a87956a8628b3d9,10,gldu9535811,2180.0,16683.9,27.72
5aac37002a87954f5439c341,1,tcnu8188142,3810.0,23460.0,50.0
5aabdf9f2a879503da04c15f,4,bhcu3175747,2180.0,19561.02,27.549
5aabcc932a87956a8628b5c1,3,hasu1540484,2230.0,27010.0,20.0
5aabe6372a879503da053ad0,17,medu1458080,2280.0,27086.4,33.2
5aabdf972a879503da04bcfb,3,medu9088947,4600.0,28881.72,45.0
5aac148f2a87952f49129b90,17,sudu7836732,2220.0,21607.0,20.0
5aac0f342a879503d607c7af,17,msku2218759,2230.0,27082.08,33.0
5aabdb792a879503da0479a5,1,ponu7692349,3940.0,24470.0,60.0
5aabfaaa2a879503da062a59,12,hlbu1079961,3850.0,1614.0,47.074
5aabdffa2a879503da04df63,4,hasu4026798,3860.0,4950.0,53.34
5aac148d2a87952f48129abc,17,mscu6448956,2280.0,27086.4,33.0
5aac0f312a879503d607c2eb,17,uesu4672300,4000.0,26155.25,26.65
5aabec702a879503da057fc8,3,uetu2546501,2185.0,1684.0,16.67
5aabfab02a879503da06313f,2,ponu8000358,3940.0,8983.26,40.0
5aabfe5f2a879503d6069eb8,4,nyku5206293,3830.0,19615.0,72.28
5aabd0112a87956a8328e1b4,4,mnbu3235039,4420.0,43400.0,40.0
5aabe6342a879503da0537f0,12,caiu9535746,3860.0,7400.0,3.9
5aabec712a879503da058110,3,tllu1611124,3800.0,7014.635,44.046
5aabe1c82a879503d604df98,4,tcnu9924150,3840.0,3084.552,54.617
5aabe3c22a879503d6050c04,4,trhu1091874,2100.0,21607.5,30.0
5aabe1db2a879503d504c9dd,2,medu7389411,3840.0,17663.9,64.308
5aac0d7d2a879503d807395a,2,sudu1438069,2250.0,19170.0,25.056
5aac0d642a879503d807304e,4,sudu1455493,2220.0,20400.0,20.0
5aac05562a879503d607401f,10,moau1443470,2300.0,5215.55,27.34
5aac37122a87954f5439c791,1,sudu5171638,4560.0,23017.5,38.88
5aabdc6f2a879503da048df0,4,sudu7557893,2220.0,21607.0,32.0
5aabdf9e2a879503da04c133,3,tcku2480023,2230.0,15602.5,24.2
5aabe1d72a879503d504c69d,4,blku1250290,3850.0,1.0,0.5
5aac37022a87954f5439c3dd,12,cxdu2329613,3900.0,26424.0,54.4
5aac35de2a87954f5239a5bf,4,trlu8743062,3680.0,5184.0,55.2
5aabdffa2a879503da04deb3,3,ttnu5718555,3680.0,6317.63,33.16
5aac0d6b2a879503d807334e,4,bsiu9626923,3840.0,1904.0,28.085
5aabdff82a879503da04dacb,2,caiu8937000,3830.0,4930.0,67.789
5aabef242a879503d505743e,4,tcku9282565,3840.0,19819.0,49.74
5aabf0d92a879503d605cc47,4,utcu4911546,3680.0,22220.0,24.152
5aabe1da2a879503d504c86d,4,sudu1692284,2300.0,20560.0,29.62
5aabf0df2a879503d605d207,4,hasu4198652,3860.0,1375.0,26.977
5aac13c42a87952f4b128e13,12,temu2070173,2200.0,25050.0,6.0
5aabee372a879503d605b12b,4,brku1240159,3880.0,25080.0,21.942
5aabfaaf2a879503da062f8b,12,cslu6083108,4000.0,10450.0,65.182
5aabee252a879503da059a9b,12,hasu1240208,2220.0,24479.0,10.08
5aac01cc2a879503d8067a58,3,tcku2264739,2180.0,10620.0,28.0
5aabd01b2a87956a8328ed84,2,caxu9263594,3870.0,8626.8,59.28
5aabcf4b2a87956e81eb2173,1,msku6092587,3700.0,18582.772,1.133
5aabdc5c2a879503da048524,4,hasu1471911,2220.0,275.699,3.613
5aac35dd2a87954f5239a527,10,gesu3724534,2180.0,9569.0,25.0
5aabe3cd2a879503d6050f80,4,uetu5493956,3830.0,25552.8,60.0
5aabe0d62a879503d804a965,4,tghu0083912,2200.0,6957.0,22.823
5aabfe602a879503d606a044,4,hasu4983193,3860.0,25768.25,51.536
5aabcf2e2a87956e81eb1813,4,mrku9105201,2170.0,8284.64,22.62
5aac0d742a879503d8073756,4,hasu4760245,3860.0,18209.74,43.912
5aabdb7a2a879503da047a91,1,msku0217440,4000.0,24246.0,65.0
5aabef1e2a879503d5056ee6,4,sudu7921069,2220.0,19220.0,20.0
5aabdf862a879503da04b453,4,medu1693474,2280.0,21607.0,33.0
5aabfab82a879503d6065b20,17,temu2079015,2200.0,19249.75,33.3
5aabfaa42a879503da06261d,12,mrku3710798,3880.0,2544.0,25.0
5aac05592a879503d60743b1,1,mrku4341863,3880.0,1124.0,47.76
5aabfabc2a879503d60660f0,17,medu6958339,2220.0,17640.0,33.0
5aabcc932a87956a8628b54d,4,sudu5950617,4000.0,25986.29,46.92
5aac21f32a87952f4a136816,17,mrku4304387,3880.0,25080.0,63.0
5aabf0dd2a879503d605d027,4,sudu1486909,2220.0,19026.0,30.0
5aac21f62a87952f4a136966,17,msku7264130,2140.0,27081.0,33.0
5aabee382a879503d605b41f,4,amfu1395125,2740.0,9110.0,5.137
5aabec772a879503da0585ea,10,fscu8551884,3900.0,20480.0,39.93
5aabec782a879503da0586de,3,pciu1446240,2260.0,15600.0,26.0
5aabe1c02a879503d604ddd4,4,tclu2809348,2280.0,12158.5,21.12
5aabcc962a87956a8628bb2f,1,bmou6558012,3850.0,6166.0,67.759
5aabe62c2a879503da052f04,17,fscu8880339,3830.0,24970.0,60.0
5aabfaa82a879503da062825,17,inku6482576,3890.0,23782.0,64.9
5aac148d2a87952f491299d4,17,msku6824013,3880.0,26400.0,60.0
5aabf0e32a879503d605d51b,4,caxu6906341,2185.0,25000.0,33.2
5aabe4202a879503d60514b4,1,msku0207884,4000.0,24587.0,60.0
5aac35e32a87954f5239ae33,4,sudu1487905,2220.0,27036.0,5.98
5aabcc942a87956a8628b701,4,hasu4176289,3860.0,18368.7,63.4
5aabdf8a2a879503da04b5f3,4,caiu2573174,2185.0,20060.0,33.0
5aac21f12a87952f4a1365d2,12,mnbu3411966,4300.0,29073.0,20.0
5aabdfeb2a879503d504a1a8,1,tclu8488353,3900.0,8410.0,53.94
5aabdf8b2a879503da04b627,17,temu0807718,2200.0,21610.0,32.0
5aabfe532a879503d6069420,4,hlxu5247356,3765.0,17798.0,29.41
5aac01cd2a879503d8067b38,1,fciu2684345,2220.0,9620.0,20.0
5aabf9742a879503da0624c6,4,hlxu1242124,2350.0,21610.0,27.0
5aac0d852a879503d8073d1e,2,fciu9375522,3830.0,13455.0,31.806
5aac0d5c2a879503d8072ec2,2,tghu0654333,2250.0,25560.0,20.0
5aabcc972a87956a8628bd7f,3,trlu6503967,3880.0,4669.55,37.18
5aabee372a879503d605b0f7,2,mrku4703617,3880.0,8729.085,40.0
5aabee272a879503da059c67,17,msku5618553,2180.0,27086.4,33.0
5aac05572a879503d607410b,10,tcnu8211200,4000.0,846.0,5.47
5aabfab82a879503d6065afc,2,exfu5205209,6080.0,0.5,25.0
5aabcf402a87956e81eb1ca3,4,tclu9553540,4020.0,25110.0,37.778
5aabfe5c2a879503d6069ca4,4,cpsu6463725,3940.0,11231.772,56.599
5aac35e12a87954f5239a9df,4,trhu1568062,2180.0,25230.0,6.0
5aabd01a2a87956a8328ea04,4,medu7677660,3840.0,5417.502,40.0
5aabe0d52a879503d804a7f5,1,mwcu6908290,4670.0,27000.0,40.0
5aac21f22a87952f4a136682,3,sudu1453823,2220.0,22010.0,25.0
5aabe0ce2a879503d804a00d,4,tcnu5474266,4200.0,4966.0,27.872
5aabfaa62a879503da0626e9,17,fscu8349934,3830.0,16174.08,72.633
5aabee322a879503d605a8d3,4,hasu4348454,3860.0,1337.852,37.383
5aabe1c72a879503d604df64,4,tcnu8810425,3840.0,2397.441,68.01
5aac01ce2a879503d8067c06,1,moau0752412,2270.0,470.0,3.972
5aac35df2a87954f5239a7d7,1,temu8340152,3820.0,16583.0,37.0
5aabf1d42a879503d8059152,4,hasu1569338,2230.0,21607.2,30.0
5aabec622a879503da057ab4,12,mofu0654399,3800.0,2348.0,22.29
5aac047e2a879503da06bb5f,1,uacu3355233,2400.0,5692.0,12.954
5aabf1cf2a879503d8058e96,4,tghu1461133,2200.0,25097.8,4.7
5aac0f362a879503d607ca2b,17,msku6819090,3700.0,26320.0,60.0
5aabf1f62a879503d505b448,3,hlxu8734661,4480.0,23078.8,40.358
5aabf0df2a879503d605d25f,4,hjmu1423458,3900.0,8388.0,60.08
5aac0f342a879503da078b7f,10,bmou2426316,2000.0,25250.0,25.0
5aac0f332a879503d607c5cb,17,fciu4452591,2200.0,20070.0,21.0
5aac047a2a879503da06b6bf,1,amcu9260845,4700.0,27722.71,58.0
5aabed502a879503da0591ee,12,pciu1744840,2260.0,21710.0,9.15
5aabe4752a879503d6051a0e,1,mrku2416120,3790.0,22026.0,60.0
5aac01c82a879503d8067598,4,gldu3260281,2190.0,23745.0,20.0
5aabdc5c2a879503da0485bc,4,mscu5702449,3740.0,22627.902,59.136
5aabf1c92a879503d8058bfe,4,hasu4097317,3860.0,4626.0,58.62
5aabee342a879503d605ad03,2,tclu9887743,4100.0,15785.0,40.0
5aabcf4e2a87956e81eb22c5,1,mscu4846056,3740.0,19636.921,41.994
5aabdb7c2a879503d604811e,17,gesu6256400,3850.0,25536.0,38.491
5aabee312a879503d605a857,3,hlxu6468032,4090.0,5951.0,62.3
5aabf0d72a879503d605c9ff,4,bafu8890507,3930.0,21740.0,23.93
5aac21ed2a87952f4a136452,3,inku6503642,3860.0,6115.4,48.0
5aac055c2a879503d6074735,17,fscu7738968,2220.0,27082.08,33.0
5aabfab02a879503da06310b,12,medu8993597,3840.0,18694.72,60.98
5aabef152a879503d5056a92,17,trhu2186017,2230.0,27081.0,33.0
5aabdc522a879503da047f04,2,hlbu1083133,3850.0,11736.9,60.0
5aabdb7a2a879503d6047f6e,17,tclu5738398,2200.0,18144.0,29.1
5aabcf4e2a87956e81eb22b5,4,msku0367157,3880.0,15680.2,63.191
5aabec6a2a879503da057c24,2,bmou6655563,4020.0,8417.5,60.0
5aac01cf2a879503d8067d1a,1,msku1504146,3790.0,5511.0,71.61
5aac01cd2a879503d8067b08,1,mofu5856319,3800.0,3778.1,53.012
5aabee312a879503da05a527,17,mrku3656383,3880.0,24380.0,60.95
5aabe62c2a879503da052f64,17,dfsu2765857,2185.0,27081.0,33.0
5aabe1d32a879503d604e5d0,1,sudu5310163,3750.0,10500.0,25.43
5aabec602a879503da057a78,3,dfsu1123132,2000.0,5491.46,11.41
5aabcf442a87956e81eb1e3b,4,sudu8543786,3860.0,3445.876,34.735
5aabdb7a2a879503da047b43,1,msku0585797,3880.0,25281.0,63.203
5aac0f2b2a879503da0782a7,4,tcku1984483,2230.0,20045.0,33.0
5aabdc572a879503da048218,4,mrku7096203,2170.0,21607.0,22.0
5aac05582a879503d6074221,10,temu6476941,4200.0,975.0,12.545
5aabec6e2a879503da057dac,17,hlbu1242282,2350.0,8102.24,27.6
5aabfe5e2a879503d6069e08,4,fciu8462324,3900.0,24702.0,34.0
5aac0d672a879503d8073182,2,ecmu4472260,3720.0,2352.0,6.804
5aabdff52a879503da04d62b,4,hasu4901343,3850.0,2937.6,60.0
5aac04822a879503da06bf1f,1,mofu0669172,3800.0,4060.0,56.16
5aac01ce2a879503d8067c02,1,msku9468364,3880.0,2828.09,42.84
5aac0f352a879503da078d53,4,uacu8295693,3790.0,9100.88,18.47
5aabfab62a879503d60656b8,17,triu8798461,4750.0,24458.07,37.951
5aabf1ce2a879503d8058e36,4,hasu4148190,3860.0,23520.0,36.0
5aabcf442a87956e81eb1e5f,4,temu9337261,4630.0,18957.75,40.25
5aabee2e2a879503da05a2c7,17,msku9839439,3920.0,24764.0,37.599
5aabfe582a879503d6069790,4,sudu7466807,2220.0,20707.5,30.0
5aabdff92a879503da04dbdb,2,trlu9382684,2230.0,11971.12,11.94
5aabd01a2a87956a8328ea24,4,hasu4806963,3860.0,15877.488,40.0
5aabdfef2a879503d504a734,1,amfu3190886,2200.0,22397.0,20.0
5aac05572a879503d607410f,12,moru1324296,4650.0,9366.5,60.0
5aabee382a879503d605b517,4,clhu4645843,3680.0,19734.19,56.6
5aabef202a879503d50570a6,4,gesu8020142,3540.0,21280.0,23.13
5aac21e52a87952f4a135e68,3,sudu5153090,4640.0,9848.001,40.419
5aabe1d32a879503d504c469,4,bmou6702135,3850.0,18005.03,43.62
5aabec792a879503da05877e,3,trhu3270879,2230.0,22931.0,20.0
5aac14802a87952f4812927c,12,simu2615114,2000.0,19100.0,25.0
5aabdfa12a879503da04c2a3,2,sudu7331231,2220.0,2855.885,26.019
5aabcc942a87956a8628b7dd,4,tghu9615852,3890.0,21419.45,45.055
5aabee342a879503d605ac3b,4,exfu0722111,3770.0,17360.0,25.0
5aac371b2a87954f5439cdad,1,temu9383159,4630.0,29087.0,29.0
5aabef102a879503d505699e,4,sudu1331738,2250.0,20010.0,33.0
5aac0f342a879503d607c69f,17,msku4236957,2170.0,27086.4,33.0
5aabe3c62a879503d6050e10,1,inku6165329,3870.0,24578.0,60.0
5aac047c2a879503da06b937,1,segu9208479,4560.0,25692.11,58.0
5aac0d6e2a879503d8073566,4,sudu8739151,3860.0,3799.84,60.0
5aabef222a879503d50571de,4,hasu1315204,2220.0,15354.2,20.74
5aabf0df2a879503d605d21f,4,hasu4267835,3860.0,22360.0,52.9
5aabdf942a879503da04bbb7,2,sudu8997304,3860.0,2494.8,18.543
5aabcf3b2a87956e81eb1acb,4,rfcu2106949,2200.0,24497.2,19.285
5aabdff22a879503d504aba0,2,hlxu1126593,2350.0,4408.0,16.285
5aabe1c82a879503d604df9c,4,mscu7787698,3940.0,9542.6,53.064
5aac14962a87952f4812a06c,10,dfsu6275014,4000.0,8103.0,64.61
5aac371b2a87954f5439ce2d,4,tcnu8894452,4020.0,6822.85,53.733
5aac35e42a87954f5239af0b,1,mrku0772899,3640.0,3117.04,49.84
5aabdb7f2a879503d604878a,17,dfsu7247444,3800.0,28000.0,33.152
5aabcc932a87956a8628b661,1,tclu6263229,3900.0,9820.0,53.128
5aac21f82a87952f4a136a36,3,sudu8692286,3860.0,16238.0,48.4
5aac055d2a879503d6074839,10,temu7843620,4000.0,25273.46,33.88
5aabdb792a879503da0479e1,4,trlu7129975,3880.0,8902.19,34.942
5aac0f2c2a879503da07835b,10,bsiu9400432,4000.0,6608.5,65.22
5aabdb822a879503d6048d38,17,hgtu4628071,3920.0,22430.0,20.0
5aabcc922a87956a8628b2d1,1,mscu6994896,2280.0,27081.0,33.0
5aabdfeb2a879503d504a1e4,1,medu7593580,3840.0,6180.0,67.2
5aac0d712a879503d807364e,4,caiu2524288,2200.0,25960.0,30.0
5aabee322a879503da05a727,17,mrku6511022,2180.0,27081.0,33.0
5aac0f2a2a879503da078107,1,ponu1431203,3750.0,3895.0,31.91
5aabe1d62a879503d604e79c,4,segu8069208,4000.0,24000.0,24.0
5aac01d52a879503d8068142,12,mscu8374359,3940.0,25683.84,40.0
5aac03912a879503d806926a,2,eitu0517445,2200.0,18194.4,20.0
5aabe0cf2a879503d804a031,1,mscu9530219,3940.0,13249.599,54.716
5aac03942a879503d80692a6,2,cclu3293157,2000.0,22256.0,29.6
5aabfabc2a879503d60660dc,3,caiu9348030,3830.0,25891.0,17.496
5aabdb792a879503da047935,17,hasu1146948,2220.0,19182.5,30.0
5aac148f2a87952f48129c94,17,mwcu6711146,4670.0,24640.0,33.88
5aabfe5a2a879503d6069ab4,4,sudu6016765,4600.0,27405.65,58.0
5aabee332a879503d605aa0b,2,tcnu7802106,3810.0,8377.2,60.0
5aabdf942a879503da04bbcb,4,hlbu1722548,2250.0,19620.0,19.844
5aac37222a87954f5439d171,1,trhu2185237,2230.0,3300.0,21.172
5aabcf4c2a87956e81eb2229,4,uacu5801210,3800.0,9394.0,57.45
5aac13be2a87952f4b1289e7,17,medu2053954,2280.0,26084.24,33.2
5aabfaad2a879503da062dad,3,msku7963266,2180.0,25280.0,20.0
5aabdb7c2a879503d6048216,17,caiu8495016,3860.0,24000.0,60.0
5aabfaaf2a879503da06305f,2,mrku4398426,3880.0,10825.584,40.0
5aabf0e42a879503d605d63b,4,sudu7500115,2220.0,21607.0,33.3
5aac35dc2a87954f5239a42f,1,caxu9296303,3860.0,7123.79,26.809
5aabdb7b2a879503da047b9f,17,mrku5952867,3810.0,24596.0,61.49
5aac0d662a879503d807312a,17,temu3293762,2185.0,27081.0,33.0
5aac35e82a87954f5239b1f3,1,dayu6711405,4530.0,6427.0,49.24
5aabfab62a879503d6065698,17,tcku2239649,2180.0,27086.4,33.0
5aabf1f32a879503d505b1d8,3,bmou4423960,3860.0,4200.0,62.0
5aabf1e92a879503d505a9cc,17,cxdu1399895,2250.0,27108.0,33.0
5aabcf552a87956e81eb25bd,4,tghu2840018,2200.0,22862.4,18.81
5aabcf3a2a87956e81eb1a6f,4,mscu4943210,3740.0,25948.8,47.6
5aabf0df2a879503d605d293,4,sudu6968020,3860.0,25552.8,67.0
5aabe3c62a879503d6050ddc,4,utcu4993800,3800.0,20942.0,24.3
5aabdff52a879503d504adc0,4,tclu7357683,2200.0,23547.0,20.0
5aac13b02a87952f4b12846f,12,hasu4114420,3860.0,11268.091,40.0
5aac01d62a879503d806824a,17,dfsu1488188,2160.0,27086.4,33.0
5aabdff82a879503da04d9df,3,tclu7173921,2300.0,2405.44,18.97
5aabfaa92a879503da062969,17,hlxu6243566,4000.0,26400.0,60.0
5aabf1f72a879503d505b574,17,bafu8882780,4300.0,22280.0,22.28
5aabf0dd2a879503d605d05b,4,fscu4592231,3720.0,17030.4,22.08
5aac0f2a2a879503d607bc85,17,msku5959483,2180.0,27086.4,33.0
5aabee382a879503d605b473,4,blku2508081,4000.0,22860.0,25.0
5aabe62c2a879503da052f58,17,mscu7542083,3940.0,25140.0,60.0
5aabe1cc2a879503d504bf91,4,hlxu8531303,3900.0,10717.69,59.988
5aabee372a879503d605b23f,2,amfu8810608,3940.0,8735.25,70.0
5aabe0cf2a879503d804a091,10,hasu4021184,3860.0,25104.0,51.488
5aac0bb02a879503da0738fe,3,medu8488281,3940.0,22839.0,60.0
5aac0d642a879503d807305e,4,mscu4831185,3740.0,16888.0,32.94
5aac0f322a879503da078903,10,msku3386079,2280.0,1635.0,19.884
5aabe1d32a879503d504c48d,4,hasu4338543,3860.0,7527.49,38.452
5aac35e02a87954f5239a89b,1,tcnu5768738,3840.0,11458.0,56.075
5aabdf8b2a879503da04b663,3,gesu6489090,3900.0,20324.52,50.0
5aac0f302a879503d607c133,17,mnbu0255469,4980.0,20899.312,50.0
5aabd0112a87956a8328e184,4,pcvu1246375,4160.0,22870.0,21.678
5aabe62e2a879503da0530f0,17,gldu9793992,2180.0,27081.0,33.0
5aac13b72a87952f4b1287c7,12,medu7476291,3840.0,20938.0,47.24
5aabfe5e2a879503d6069e7c,2,simu2512395,3640.0,20267.0,36.25
5aac0d6b2a879503d807338a,17,tcnu2741604,3700.0,27005.0,56.375
5aabcf532a87956e81eb24e5,4,tclu2529603,2200.0,15841.28,35.0
5aabee322a879503d605a8cb,4,hasu5105464,3720.0,3555.0,38.04
5aabfab72a879503d60658a0,3,sudu6750927,3860.0,4077.0,28.73
5aac01ca2a879503d8067794,4,sudu6046100,4580.0,9188.88,48.62
5aabef282a879503d5057806,4,hlxu5126740,3980.0,12009.0,51.61
5aabd00f2a87956a8328df4c,2,tclu1524058,3840.0,17663.9,64.308
5aabee382a879503d605b407,4,bsiu2312622,2230.0,20050.0,33.0
5aac13be2a87952f4b1289bb,17,medu8122420,3940.0,28000.0,33.152
5aac01c62a879503d806744c,1,gldu7433615,3900.0,15344.0,50.0
5aabed4e2a879503da058f2a,10,gldu5683240,2180.0,24128.0,9.108
5aabe47a2a879503d6051b02,1,caxu9113212,3860.0,22110.0,57.0
5aabe1c82a879503d604df78,4,tclu1978826,2230.0,19960.0,25.0
5aabf0dd2a879503d605d047,1,caxu2564657,2350.0,27086.4,33.0
5aabf1e12a879503d8059718,4,hlbu9083799,4480.0,12994.38,60.0
5aabdfe92a879503d5049f90,4,fciu8738921,3900.0,14596.4,45.706
5aabdf8e2a879503da04b7df,3,ttnu9109114,3840.0,11230.0,9.845
5aabe0ce2a879503d8049f7d,10,cniu2154597,3640.0,18305.0,25.96
5aac0f2f2a879503da0784f3,10,segu1392564,2180.0,20384.0,24.96
5aabef162a879503d5056ab2,3,cslu1191162,2185.0,3788.6,24.97
5aabf1c52a879503d8058a42,4,sudu6605298,3950.0,2833.0,58.359
5aabdff62a879503da04d703,2,gldu7728154,3930.0,10779.08,69.791
5aabf1e22a879503d80597aa,4,hlxu1058842,2300.0,25124.0,6.0
5aabdfee2a879503d504a68c,4,hasu1177785,2230.0,14740.0,20.0
5aabef282a879503d50577da,4,simu2542379,3590.0,22080.0,24.0
5aabdfed2a879503d504a4a0,1,medu2755436,2280.0,25040.0,28.0
5aac21e92a87952f4a1361c6,3,medu1714598,2280.0,3736.7,20.0
5aabdf9d2a879503da04c013,3,segu9294590,4590.0,28881.72,45.0
5aac37142a87954f5439c8d1,1,mieu0001171,3880.0,20180.0,54.0
5aabee342a879503d605ac0f,2,sudu1419069,2250.0,20475.0,27.26
5aabfe512a879503d6069344,4,ecmu9257846,3900.0,6024.5,19.873
5aabf0d62a879503d605c7fb,4,hasu1547489,2230.0,21607.5,30.0
5aabef242a879503d5057416,4,segu9193722,4560.0,27939.87,58.0
5aac0f322a879503da078883,1,axiu1959439,3820.0,17008.17,51.9
5aabed4b2a879503da058baa,10,pciu8929342,3840.0,13533.8,69.9
5aabdfeb2a879503d504a230,4,sudu7920102,2220.0,21607.0,22.0
5aabef202a879503d5057082,4,bsiu4004130,3680.0,8532.0,40.0
5aabf9122a879503da06168e,4,hamu1004469,2400.0,19080.0,24.8
5aabcf4a2a87956e81eb20c7,4,tclu9072205,3675.0,22200.0,24.13
5aac37182a87954f5439cc25,1,mrku0557495,3600.0,20466.0,9.63
5aac0d672a879503d80731aa,4,hasu4951684,3860.0,8480.0,57.198
5aabdf9f2a879503da04c193,4,gldu3978324,2160.0,21731.0,20.0
5aac01d62a879503d80681f2,1,inku2814944,3980.0,24495.0,49.1
5aabfab82a879503d6065a60,2,hlxu3413102,2350.0,22498.0,20.0
5aabe6372a879503da053a4c,17,medu6895591,2220.0,27081.0,33.0
5aac01cf2a879503d8067cea,1,fciu3094472,2220.0,10782.0,9.6
5aac01cb2a879503d8067850,10,eghu9029610,4200.0,7215.01,54.97
5aabcc932a87956a8628b55d,3,sudu8739383,3860.0,20240.0,41.14
5aabe62c2a879503da052ee4,12,hlxu1027409,2350.0,15077.0,6.472
5aabf1f72a879503d505b51c,17,szlu9195890,4790.0,26000.0,58.0
5aabee352a879503d605ae33,4,cmau0285715,2190.0,23583.0,20.0
5aabf0d82a879503d605cae7,4,axiu1464168,3990.0,6191.48,51.19
5aabe3e02a879503d6051208,1,mrku2029671,3880.0,5974.83,65.83
5aabec792a879503da0587b6,2,medu3078812,2280.0,20074.0,20.0
5aabe6322a879503da0535a4,17,msku4142164,2320.0,27081.0,33.2
5aabe1cc2a879503d504bef9,4,cniu1170783,2200.0,28070.0,30.0
5aabdf922a879503da04ba13,2,hasu1417741,2220.0,9084.6,13.47
5aac0d752a879503d8073802,17,temu5839786,2180.0,27081.0,33.0
5aabcf442a87956e81eb1e4f,4,tllu4343299,3900.0,20060.0,43.4
5aabdb772a879503da04773b,1,ponu7903776,3940.0,25551.0,60.0
5aac14912a87952f49129ce8,17,msku4137189,2320.0,27086.4,33.0
5aac0f2d2a879503da0783ab,10,tclu7025858,3850.0,28000.0,42.64
5aac047d2a879503da06ba2f,1,tclu5630891,3840.0,10198.0,62.0
5aabf1d42a879503d805910e,4,sudu7514947,2220.0,22507.88,23.954
5aabdfee2a879503d504a5e0,2,hlxu3742200,2860.0,8256.0,16.048
5aabd0102a87956a8328e028,4,blku1251276,4300.0,25900.0,22.66
5aabf0db2a879503d605cd9b,4,apzu4387453,3700.0,6793.94,37.21
5aac03ad2a879503d80699fe,17,tghu0759587,2200.0,20200.0,25.41
5aac04832a879503da06bfc9,1,medu6498491,2280.0,21607.0,27.0
5aabdff42a879503d504acf4,10,fciu9907287,4000.0,10000.0,50.0
5aabec752a879503da058524,17,hasu4403490,3860.0,25591.5,54.569
5aac37132a87954f5439c805,4,uacu4076167,2300.0,20064.0,19.175
5aabfe5e2a879503d6069dec,4,sudu1302513,2250.0,20707.5,30.0
5aabdf932a879503da04bae7,3,sudu1358451,2250.0,5913.902,12.939
5aac13be2a87952f4b1289a3,17,bmou2544432,2220.0,27082.08,33.0
5aac35e02a87954f5239a92f,4,hlxu8558006,3900.0,23096.0,60.0
5aabf0d82a879503d605cb93,4,sudu1970940,2250.0,2360.0,30.0
5aabe1c82a879503d504bdbd,4,rmcu5441035,3980.0,25780.0,24.0
5aac01c92a879503d8067654,10,eisu1880852,4200.0,3272.4,52.776
5aabdffa2a879503da04e0a3,4,bgbu5049070,3950.0,20085.094,22.824
5aac0d7e2a879503d8073a1e,4,caxu9335668,3870.0,7583.0,53.334
5aabdb802a879503d6048984,10,uacu5681218,3800.0,17160.96,33.423
5aabf0e02a879503d605d32b,2,cclu2968451,2180.0,11632.0,25.0
5aac04792a879503da06b5e7,1,mrku2922880,3880.0,22700.0,54.0
5aac21f82a87952f4a136a76,17,mrku4007985,3790.0,21480.0,60.0
5aac0d822a879503d8073bde,2,ipxu3891590,2240.0,25560.0,20.0
5aac03b92a879503d806a18e,17,sudu6513910,3950.0,25396.0,46.0
5aabe0d32a879503d804a59d,1,tghu7609296,3889.0,7848.0,13.824
5aac03b92a879503d806a10e,2,medu8571924,3940.0,23200.0,65.0
5aabd0142a87956a8328e2f8,4,hasu4062809,3860.0,1818.162,41.342
5aac0bb42a879503da073df8,3,segu9374377,4570.0,17532.5,41.72
5aabf0e42a879503d605d5bf,4,hasu4405180,3860.0,15599.64,61.892
5aabf1c72a879503d8058ace,4,hasu1556665,2230.0,20380.0,22.5
5aabdf9f2a879503da04c18b,3,uacu5226791,3970.0,3651.6,33.384
5aac047c2a879503da06b9b3,1,temu6889863,3890.0,19051.0,40.0
5aac14812a87952f48129304,3,hamu1072334,2300.0,21424.0,25.0
5aabe1d92a879503d504c835,4,hasu4044600,3860.0,14924.0,30.86
5aabd0162a87956a8328e424,4,bgbu5036431,3750.0,17020.0,21.54
5aabee342a879503d605ac03,3,gldu3151085,2300.0,4152.0,40.0
5aac0f2e2a879503da078443,4,sudu8715798,3860.0,4302.22,26.993
5aac01c82a879503d8067494,1,tghu7943765,3850.0,5511.0,71.61
5aabf1eb2a879503d505abcc,17,mscu3118396,2280.0,27108.0,33.0
5aabd00f2a87956a8328df9c,4,hlxu3609820,2500.0,12584.0,7.01
5aabe0ce2a879503d8049fc5,1,cbhu5838683,2000.0,27086.4,33.0
5aac35e42a87954f5239aec3,1,mrku0449248,3700.0,11146.64,55.069
5aabdc522a879503da047efc,4,hasu1277660,2220.0,19080.0,25.056
5aabdf8a2a879503da04b60b,4,bmou5440154,4200.0,16700.0,44.814
5aac01d62a879503d8068202,12,ponu4890989,4780.0,14563.59,60.0
5aabe1dc2a879503d504ca21,4,hasu5139633,3720.0,3915.6,46.8
5aac35e82a87954f5239b24f,1,tcnu4934618,3900.0,18127.0,17.312
5aac05612a879503d6074d27,17,fciu3471160,2220.0,27086.4,33.0
5aabcc8f2a87956a8628b029,4,dfsu2776419,2185.0,2595.0,7.802
5aabdffa2a879503da04dffb,4,hlxu1111504,2300.0,26836.0,5.93
5aabe4142a879503d6051398,1,msku0136800,4000.0,24791.0,60.0
5aabcf402a87956e81eb1c9f,4,mrku3290355,3880.0,8788.76,62.296
5aabe0cd2a879503d8049efd,4,sudu8190293,4560.0,26220.0,48.0
5aac13a72a87952f4b12829d,3,bmou9201395,4640.0,26684.0,36.2
5aabdfec2a879503d504a3b4,4,mrsu0053943,2180.0,19807.0,30.0
5aac0f332a879503d607c527,17,mrsu0217013,2170.0,20060.0,33.2
5aac0f322a879503d607c4c3,17,ponu0730663,2300.0,27086.4,33.0
5aabdf9c2a879503da04bf73,3,segu9210795,4560.0,28881.72,45.0
5aac0f362a879503d607ca3b,12,sudu8147527,4560.0,24288.0,55.0
5aabe1d32a879503d504c421,4,gldu3816370,2160.0,18446.0,30.271
5aabef1a2a879503d5056c22,4,fciu2863696,2220.0,12680.0,160.98
5aabec602a879503da057a94,10,cclu7943142,4000.0,8027.0,69.37
5aac01d72a879503d80682a2,12,mnbu3812980,4330.0,28000.0,55.0
5aac0ba72a879503da07334e,3,mscu9009089,3940.0,26300.0,28.0
5aabf1d82a879503d80593b2,1,mrku4154245,3880.0,24058.0,60.0
5aabd0142a87956a8328e308,2,pciu4557817,3690.0,24408.0,54.4
5aabdff42a879503d504ad60,1,tcku2260749,2180.0,25040.0,28.0
5aac14842a87952f4912943e,17,mrsu3378876,3810.0,25290.0,60.0
5aabdc552a879503da048054,4,hasu1507001,2220.0,21600.0,33.0
5aabcc972a87956a8628bd93,17,tcnu8528290,3900.0,28500.0,60.0
5aabcf442a87956e81eb1e6b,4,trlu4880149,3700.0,17277.0,40.0
5aabdff52a879503da04d653,4,hasu4887163,3860.0,18941.7,27.6
5aabe1d12a879503d604e434,4,sudu8637479,3860.0,22460.0,52.9
5aabfab72a879503d606590c,2,triu8911074,4750.0,6384.76,32.0
5aabdffa2a879503da04df07,4,hasu4504351,3860.0,9020.0,50.28
5aabdffb2a879503da04e22b,4,hasu4533410,3860.0,1634.0,58.428
5aabe1d82a879503d504c7a1,4,fciu4153585,2180.0,20045.0,33.0
5aabee312a879503d605a813,3,gcnu1240930,2190.0,22685.0,25.0
5aabdf942a879503da04bbd3,4,hasu1038141,2220.0,17370.0,22.0
5aac0f352a879503d607c8a3,17,sudu7586187,2220.0,21607.0,32.0
5aabfab72a879503d6065874,2,mscu7376228,4690.0,26670.0,30.0
5aac01c82a879503d8067514,1,amfu8534135,3940.0,11680.0,68.81
5aac37142a87954f5439c8f9,12,hasu5173324,3720.0,18596.16,63.36
5aabe1da2a879503d604eafc,1,apzu3318782,2220.0,24480.0,26.0
5aabdffb2a879503da04e1c3,3,sntu7008151,4160.0,18220.0,25.0
5aabfaaa2a879503da062a6d,3,pciu8271328,4010.0,12220.56,63.691
5aabe0cd2a879503d8049ea1,10,clhu3750124,2320.0,2130.0,17.561
5aabfaab2a879503da062a91,17,fciu8762912,3900.0,26400.0,60.0
5aabf0dd2a879503d605cff7,4,tcnu7418657,3810.0,5440.288,43.374
5aac0f352a879503d607c90f,17,mrku9518416,2180.0,20057.0,30.0
5aabe6302a879503da053368,17,gldu5372790,2230.0,27086.4,30.0
5aabdb812a879503d6048b6c,17,amfu3086228,2260.0,20290.0,26.0
5aac0f352a879503da078c4b,10,cclu7337058,3890.0,3032.5,60.48
5aabe0d72a879503d804aaab,4,tghu6142822,3820.0,2640.0,28.38
5aabe0d22a879503d804a405,4,sudu7392509,2220.0,24991.6,20.52
5aabe0d62a879503d804a985,4,tcnu9142341,3840.0,9325.792,49.384
5aabfaae2a879503da062ef7,3,szlu9210700,4720.0,25526.98,46.074
5aabf1ed2a879503d505ada0,17,mnbu0405131,4500.0,27174.72,56.792
5aac04842a879503da06c18d,1,tghu8446845,3870.0,24679.49,60.0
5aabdf8d2a879503da04b7bb,17,trhu1608925,2180.0,19360.0,20.0
5aac01c82a879503d80675d4,17,gldu7396996,3900.0,25007.0,66.0
5aabdb822a879503d6048e38,17,gesu2555580,2180.0,23117.0,28.0
5aabf1ee2a879503d505ae00,17,mscu3978891,2280.0,27086.4,33.0
5aabec5e2a879503da057a4c,17,hlxu6597826,4200.0,20321.02,53.856
5aabf1f02a879503d505afe0,17,mscu6773339,2280.0,27086.4,33.0
5aabf1f52a879503d505b34c,3,mnbu0157800,4490.0,4702.27,38.508
5aac055a2a879503d6074479,4,utcu4948381,3750.0,23550.0,20.0
5aabef1a2a879503d5056c1e,4,fscu8280761,3830.0,25070.0,38.0
5aabdb7d2a879503d6048366,17,gatu1374977,2230.0,21607.0,32.0
5aabcf452a87956e81eb1f2b,4,tghu4798690,3680.0,7550.0,34.82
5aabe6372a879503da053a68,17,caxu3214885,2185.0,27086.4,33.0
5aabfab42a879503d60653e4,17,trhu2661483,2300.0,21132.0,28.0
5aabdff42a879503d504acdc,4,medu6979840,2220.0,19360.0,28.0
5aabe0d12a879503d804a335,10,tcnu8452321,3840.0,19005.5,53.81
5aac14962a87952f4812a074,17,mscu7956062,3940.0,25560.0,38.34
5aabdffa2a879503da04de63,3,segu5620322,3830.0,9988.0,65.0
5aabef1d2a879503d5056eb2,4,temu6196880,3820.0,11720.0,72.97
5aabee2e2a879503da05a23b,12,tclu1283480,4420.0,12960.0,47.34
5aac0bae2a879503da0735de,3,mscu7049159,3940.0,15040.0,65.0
5aac370f2a87954f5439c655,10,pciu8522470,3840.0,7759.94,55.24
5aabf0e12a879503d605d38b,1,dryu2791393,2000.0,23184.0,23.0
5aabf1f22a879503d505b09c,17,medu1334392,2280.0,27108.0,33.0
5aabdf8a2a879503da04b61f,4,hlxu1334299,2350.0,24510.24,26.52
5aac05552a879503d6073f3f,1,mrku2662530,3880.0,4649.8,64.32
5aabd0152a87956a8328e384,2,hasu5120047,3720.0,12759.23,50.0
5aabe6382a879503da053b80,17,bsiu2436304,2185.0,27081.0,33.0
5aac03ac2a879503d80698fa,17,mscu3843094,2280.0,20840.0,30.0
5aabf1f02a879503d505aed8,17,gatu1240788,2230.0,27086.4,33.0
5aabd0172a87956a8328e56c,4,gesu6518959,4200.0,8255.0,68.616
5aabe1d72a879503d604e800,4,uacu5039635,3960.0,16528.0,24.0
5aabed532a879503da0598e2,12,uacu3808999,2300.0,4199.0,27.725
5aabdc592a879503da0483f8,2,tclu7882634,3810.0,11457.93,51.84
5aabf1eb2a879503d505aafc,17,tclu7687366,2230.0,19337.5,20.0
5aac21e52a87952f4a135e74,17,mnbu3016257,4420.0,24227.708,50.0
5aac21f22a87952f4a1366da,17,gcnu4751759,3840.0,20578.0,25.0
5aabe6342a879503da053804,17,mrku9534839,2180.0,27086.4,33.0
5aabdfa02a879503da04c23b,3,uacu3945250,2300.0,11443.0,22.44
5aabe1d12a879503d504c2c9,4,bmou6764570,3700.0,19512.0,30.417
5aabec792a879503da05870a,17,clhu8898412,3740.0,20071.0,52.65
5aabfab82a879503d60659b8,2,mscu5669736,3740.0,17981.8,27.29
5aabf0dc2a879503d605cf03,4,hasu5012166,3860.0,25070.0,38.0
5aabee362a879503d605affb,2,mscu6278628,2280.0,21624.0,20.0
5aabe1cc2a879503d604e0ec,4,medu3648453,2280.0,13900.0,21.6
5aabef232a879503d50573b2,3,sudu8063513,4580.0,24354.12,49.946
5aac047f2a879503da06bc13,1,mrku6060206,3810.0,22700.0,54.0
5aac0f302a879503d607c107,17,mrku8032991,2170.0,20057.0,30.0
5aabed522a879503da059776,12,trlu8943902,2230.0,17838.0,26.0
5aabcc912a87956a8628b20d,1,bmou6113048,3850.0,10457.0,59.888
5aabe1b82a879503d604dce8,4,sudu7547431,2220.0,20407.5,30.0
5aabdfa02a879503da04c26b,17,temu8238686,3850.0,15520.973,54.259
5aac03b72a879503d8069f5e,3,caxu8222461,3970.0,24835.2,65.5
5aac148e2a87952f48129c44,3,segu5685236,3830.0,7858.0,8.26
5aabdb7c2a879503da047d0f,1,tghu2046055,2200.0,24460.0,24.46
5aabf0d62a879503d605c887,4,hlxu6430280,4000.0,1072.0,50.476
5aac37112a87954f5439c74d,1,ttnu9127910,3840.0,27678.0,32.656
5aabdffb2a879503da04e0cf,2,mscu9374991,3940.0,6160.0,65.542
5aabe1ce2a879503d504c0e5,4,sudu7526167,2220.0,14520.0,25.02
5aac13c52a87952f4b12903f,17,triu8809123,4790.0,26101.875,58.0
5aac0d822a879503d8073bbe,3,temu2509327,2300.0,11000.0,28.0
5aac01c92a879503d8067708,1,mieu0026821,3880.0,5511.0,71.61
5aabfe592a879503d60698a0,4,mscu3060334,2280.0,24328.14,30.474
5aabee272a879503da059bdb,17,gesu3842809,2200.0,27081.0,33.0
5aac0d812a879503d8073b42,2,moau0655027,2300.0,15194.0,12.155
5aabcc902a87956a8628b185,1,segu2683585,2180.0,21240.0,20.0
5aabf0e42a879503d605d5c3,4,caiu6061520,2200.0,15920.0,24.0
5aabe1d32a879503d504c3f5,4,sudu6852847,3860.0,25986.29,46.92
5aac13b02a87952f4b12846b,3,apru5074954,4730.0,22220.0,50.0
5aabfab32a879503da06340b,17,clhu3760483,2220.0,18144.0,29.1
5aabcc952a87956a8628ba43,1,mrku0605485,3640.0,2839.4,39.119
5aabe0d52a879503d804a865,4,tcnu3609280,3900.0,25527.0,60.0
5aabee352a879503d605ae67,2,bmou4270475,3860.0,8928.0,73.878
5aabfabd2a879503d60662b8,3,uacu8424738,3600.0,9839.0,53.892
5aac0f362a879503d607ca8b,17,msku5528526,2180.0,23080.0,30.0
5aabdb7d2a879503d6048316,12,rflu2612265,3990.0,22920.0,22.92
5aabe62d2a879503da053020,17,caiu4135639,3800.0,6085.44,35.872
5aabe1e02a879503d504cc9d,4,sudu5292990,4640.0,17383.0,19.125
5aabee382a879503d605b2f3,3,hlbu1379085,2300.0,2199.0,15.0
5aac13c12a87952f4b128b53,17,mrku6373643,3810.0,24521.0,66.0
5aabe1ca2a879503d604e024,4,tclu5176346,3840.0,15457.72,62.388
5aac03b92a879503d806a0f2,17,mrku3104743,3880.0,4547.2,31.48
5aabdb822a879503d6048c6c,10,hasu1128760,2220.0,830.0,10.08
5aac148e2a87952f48129bb8,10,cclu5253699,4000.0,24945.5,45.0
5aabdff82a879503da04da1b,2,segu4459240,3900.0,3988.48,37.686
5aac14832a87952f48129424,17,msku1470895,3880.0,24945.0,66.0
5aabdff32a879503da04d457,3,sudu1683549,2300.0,26000.0,22.62
5aabee352a879503d605aedb,4,hasu1429383,2220.0,5146.0,20.0
5aabe1cd2a879503d604e1bc,4,sudu5572749,4060.0,25200.0,48.0
5aac14932a87952f48129ebc,17,bmou9208358,4640.0,27916.53,58.0
5aabcf3c2a87956e81eb1b6b,4,sudu8180675,4560.0,24720.0,40.8
5aabcc962a87956a8628ba8f,10,egsu9030975,4200.0,25200.0,56.0
5aac03ae2a879503d8069a7e,2,caxu6252852,2300.0,10719.0,25.0
5aabdf932a879503da04bb23,3,clhu9052748,3880.0,14460.47,35.46
5aabdc5d2a879503da048680,4,axiu1651826,3820.0,24268.72,50.0
5aac0ba42a879503da0731d2,17,cxru1046980,4000.0,28840.0,31.724
5aabdff82a879503da04d9c3,4,hlxu3127259,2370.0,21607.5,30.0
5aac13b82a87952f4b128817,12,tghu7937588,3870.0,20919.0,44.28
5aac0f342a879503d607c747,17,mrku9299684,2170.0,27081.0,30.0
5aabff322a879503d606bdaa,12,tghu7766891,3880.0,18079.0,50.0
5aac148a2a87952f481297f0,10,fscu8317095,3830.0,7161.87,21.32
5aabcf302a87956e81eb1833,4,sudu1171970,2960.0,12463.47,28.0
5aabfaac2a879503da062cbd,17,hasu4559225,3860.0,25035.4,50.0
5aabdf932a879503da04bb13,4,cmau1372590,2230.0,2710.7,15.522
5aabdfed2a879503d504a4e4,4,ipxu3912120,2240.0,21607.0,27.0
5aac148d2a87952f49129a50,17,ponu0697539,2300.0,27081.0,30.0
5aac03a82a879503d8069662,2,uesu2468703,2000.0,22256.0,29.6
5aabe0d92a879503d804add7,1,mrku9017883,2170.0,8700.0,20.0
5aabdff22a879503da04d353,2,bsiu9853320,4000.0,14239.0,33.06
5aabdb742a879503da04741d,12,hlxu6262102,4000.0,1816.01,30.997
5aabf1ec2a879503d505ac84,3,fscu9442363,3900.0,25810.143,39.848
5aabee262a879503da059ae7,17,msku1881746,3880.0,25940.0,64.85
5aac05602a879503d6074bc9,12,medu4031553,3740.0,6250.5,46.6
5aac0d5e2a879503d8072f4a,2,caxu8023731,3870.0,13890.0,41.58
5aabe1d82a879503d604e8fc,4,uacu5114209,3960.0,8097.0,45.84
5aabfe592a879503d6069894,3,hlxu3560947,2290.0,3163.83,9.85
5aabe1cc2a879503d504bf05,4,gldu2900152,2230.0,5477.0,14.933
5aabf1d12a879503d8058f86,1,mrku8804354,2170.0,17303.0,32.0
5aac0d642a879503d807303a,17,tcku9366394,3840.0,25578.0,60.0
5aabe6322a879503da053588,17,msku5526483,2180.0,27086.4,33.0
5aabf1cb2a879503d8058cde,1,mrku0495074,3700.0,24000.0,60.0
5aabec6d2a879503da057cf0,3,mwcu6914837,4750.0,3089.0,41.38
5aabef222a879503d505725e,17,trlu8260608,3860.0,26058.36,35.144
5aabe1d12a879503d604e474,4,sudu5819309,4000.0,2194.837,48.82
5aabdc602a879503da0488b0,4,medu6608198,2220.0,21607.0,32.0
5aabec7e2a879503da0589ae,2,segu8007130,3700.0,20720.0,36.25
5aac13a82a87952f4b1282c9,17,tclu9743010,3840.0,24981.0,63.0
5aabe6342a879503da053768,17,mrku5721600,3810.0,6569.0,55.616
5aabf0de2a879503d605d137,4,tclu2852658,2280.0,10599.03,13.8
5aac0f2b2a879503da07825b,4,temu2811337,2200.0,25220.0,33.0
5aac0d662a879503d8073142,3,segu5809189,3830.0,14788.35,34.313
5aac055e2a879503d607499d,1,medu8969712,3940.0,6141.0,50.0
5aabe6282a879503da052c90,17,mscu4720664,3740.0,2711.32,51.39
5aac0ba42a879503da073222,3,medu1286313,2280.0,17690.0,15.206
5aac37122a87954f5439c75d,12,trlu7270725,3880.0,11938.4,61.08
5aabfab02a879503da0630c3,2,mrku2851359,3790.0,10122.84,40.0
5aabf1f02a879503d505af8c,17,sudu6264653,4620.0,23342.05,58.0
5aabdff92a879503da04dc9b,4,sudu5918894,4000.0,25986.29,46.92
5aabf0e12a879503d605d457,4,sudu7632512,2220.0,15040.0,23.84
5aac21e62a87952f4a135f28,12,hasu1437780,2220.0,4246.0,28.5
5aabcf402a87956e81eb1cc3,4,mrsu3192562,3810.0,12327.88,67.328
5aabdff42a879503da04d577,2,tcnu7822967,3810.0,7280.0,66.491
5aac0baf2a879503da07378e,17,tghu4615459,3655.0,25616.25,54.569
5aac37222a87954f5439d175,4,uacu5787175,3800.0,15177.992,68.928
5aabef242a879503d505750a,4,hasu4518503,3860.0,25064.0,48.53
5aac148c2a87952f49129938,17,mrsu0157974,2170.0,21607.0,32.0
5aabe1c02a879503d604dde4,4,segu3096999,2100.0,22758.34,23.0
5aabf1ca2a879503d8058c2a,1,mrku3658149,3880.0,25996.0,60.0
5aac01cc2a879503d80679e0,17,gldu3666938,2160.0,27081.0,33.0
5aac05572a879503d607416f,17,caiu2902578,2200.0,27086.4,33.0
5aabe6372a879503da053b00,17,mscu7317858,4600.0,28693.155,50.0
5aabdf8f2a879503da04b913,17,uetu2306563,2000.0,27086.4,33.0
5aabef152a879503d5056a86,4,bmou6554336,3850.0,25040.0,60.0
5aac05602a879503d6074cbd,17,fciu5513496,2180.0,19360.0,32.0
5aabe1da2a879503d604eb24,4,medu2829945,2280.0,21607.0,20.0
5aabdb742a879503da0473f1,4,uacu8249363,3800.0,2366.5,15.94
5aabe62d2a879503da053058,17,mrku7718457,2145.0,27081.0,33.2
5aac055f2a879503d6074aa5,12,nidu2276030,2250.0,27530.0,20.0
5aabe0d42a879503d804a715,4,tghu3524040,2200.0,25464.0,25.0
5aac0ba42a879503da073226,17,mrku2423371,3790.0,25049.0,60.0
5aabcc932a87956a8628b555,10,crxu8686507,3375.0,20400.0,20.0
5aac01d62a879503d8068206,12,bmou6751021,3700.0,24899.8,41.83
5aabdf892a879503da04b5bf,4,hasu1541367,2230.0,21607.0,32.0
5aabe6312a879503da0534d8,17,mrku4613909,3880.0,3319.6,30.507
5aac14942a87952f49129e40,17,tcnu3984640,4000.0,21034.0,50.0
5aabe62d2a879503da05301c,17,cxru1422942,4720.0,28379.91,50.0
5aabef162a879503d5056ae2,4,dhdu1371957,3730.0,21900.0,23.323
5aabed532a879503da0598e6,10,tcku3493534,2230.0,21588.5,25.0
5aac03a62a879503d8069586,3,uacu3394559,2320.0,20560.0,26.0
5aac371b2a87954f5439cd9d,4,tasu6640019,3610.0,14533.0,21.16
5aabdfa22a879503da04c38f,4,hotu1610917,3550.0,22600.0,24.565
5aabdff42a879503da04d54b,4,gldu0624944,4180.0,2152.75,3.935
5aabe3c52a879503d6050d88,1,mrku8993561,2170.0,18090.0,25.0
5aac05572a879503d607413b,1,medu8403556,3940.0,25040.0,41.19
5aabcc932a87956a8628b669,3,dfsu7635178,3800.0,6650.0,70.0
5aabee382a879503d605b4df,3,hlxu3225640,2350.0,6021.0,15.925
5aabf1d42a879503d8059182,1,mrku5989594,3810.0,24903.0,60.0
5aac04822a879503da06bf97,1,mrku4444753,3880.0,5511.0,71.61
5aac01cb2a879503d8067924,1,mrku5274950,3810.0,11016.0,63.189
5aabdf8e2a879503da04b7d3,4,hasu1243845,2220.0,10590.0,13.92
5aabe1dd2a879503d504cab9,4,hasu4571998,3860.0,25986.29,46.92
5aac371a2a87954f5439cd09,12,ttnu4997199,3660.0,19092.64,27.56
5aabfe602a879503d606a078,4,bgbu5057603,3680.0,18406.801,22.124
5aabe1d22a879503d604e50c,4,medu1869619,2100.0,27790.0,33.0
5aabcf3c2a87956e81eb1b2f,4,mscu5882818,3740.0,7550.0,34.82
5aabef1f2a879503d5056fd2,3,uacu5837682,3800.0,7868.0,57.8
5aabe4722a879503d6051922,1,msku8155107,3950.0,24492.0,60.0
5aabfe542a879503d6069520,2,hasu4818671,3860.0,18398.0,76.597
5aac0f342a879503d607c6c7,17,mswu9015348,4670.0,26175.0,35.484
5aabdff32a879503da04d443,2,medu8315115,3940.0,5919.25,66.85
5aabee352a879503d605aeb7,4,exfu0707360,3820.0,19420.0,23.398
5aabee342a879503d605ac43,4,hasu4778970,3860.0,19423.31,60.96
5aabdfe72a879503d5049ea4,4,sudu7366069,2220.0,20420.0,33.0
5aac0d7c2a879503d80738f2,2,gstu7759099,3890.0,24787.2,57.0
5aabee322a879503d605a8b3,4,hlbu1308034,3900.0,25110.0,37.778
5aac0f322a879503d607c51b,17,tclu2233519,2230.0,20112.0,20.0
5aabdc652a879503da048ad8,3,ymlu5344213,4590.0,24637.6,45.83
5aac01c42a879503d8067320,1,mrku4354412,3880.0,5511.0,71.61
5aabfe4e2a879503d60692b0,4,cmau7158815,3700.0,25050.0,55.0
5aabdb732a879503da0471c5,1,msku1245030,3790.0,21299.0,60.0
5aabe1d72a879503d504c6cd,4,cmau1501803,2230.0,21320.0,20.0
5aac0f312a879503d607c29b,17,ponu7380335,3880.0,26155.25,26.65
5aac03b92a879503d806a1de,4,hasu4285654,3860.0,5800.0,58.32
5aabdf972a879503da04bcd7,4,gldu3931456,2230.0,25201.0,25.0
5aac21fa2a87952f4a136b40,12,aclu9728850,3790.0,21076.0,26.49
5aac37152a87954f5439c9fd,1,tghu4910578,3680.0,22627.902,59.136
5aabec792a879503da058732,3,cclu3673157,2000.0,16120.0,25.0
5aabe6302a879503da0532dc,17,mrku8066224,2170.0,27081.0,33.2
5aabdc592a879503da0483f0,4,cmau4128571,3860.0,8158.0,46.298
5aabe62d2a879503da052ff4,17,mscu9492227,3940.0,21315.0,31.5
5aac14922a87952f48129e38,10,temu7669755,3910.0,3828.54,35.18
5aac13c62a87952f4b12910b,10,axiu4226184,4000.0,14442.0,51.77
5aabe1d92a879503d604e9f8,4,temu3233969,2180.0,21007.0,27.0
5aabef122a879503d50569da,2,uacu8257369,3790.0,11890.0,33.0
5aac03ae2a879503d8069a4a,17,medu8798040,3940.0,10656.9,66.52
5aabe62f2a879503da05324c,17,gldu5522098,2230.0,27082.08,33.0
5aac0d6f2a879503d80735d2,2,tghu0239667,2200.0,21502.4,6.6
5aac0d812a879503d8073b3e,3,temu8830020,3900.0,21104.0,67.47
5aac01ca2a879503d80677b8,1,mscu3889460,2280.0,20976.0,25.36
5aabf0d72a879503d605ca3f,4,sudu8174878,4560.0,26614.75,50.0
5aabe62c2a879503da052f68,17,fciu9202316,3830.0,23360.0,63.0
5aac14902a87952f49129c40,17,mrku9026822,2170.0,21607.0,32.0
5aabcf422a87956e81eb1d6f,4,sudu6957679,3860.0,25680.0,38.52
5aac0bb32a879503da073c9e,17,msku9772696,3910.0,25000.0,63.0
5aabdb7d2a879503da047e5b,17,cslu1945914,2000.0,27086.4,33.0
5aabe1cd2a879503d604e1d8,10,dfou6144410,4000.0,12062.5,55.0
5aac0bb12a879503da073992,3,mrku0607889,3800.0,10235.0,48000.0
5aac14922a87952f49129d80,17,tllu4435733,4000.0,25048.0,50.0
5aabcf572a87956e81eb2625,4,sudu1302160,2250.0,19337.5,30.0
5aabf0d82a879503d605cbb3,4,tcku1807024,2230.0,7525.0,33.0
5aabdb7b2a879503d6048082,17,medu2733709,2280.0,19337.5,20.0
5aac0d652a879503d80730ba,17,szlu9007631,4780.0,26000.0,58.0
5aabd01a2a87956a8328ea34,4,sudu5546776,4000.0,22580.0,44.0
5aabed532a879503da0597ee,10,tclu4135039,3710.0,24160.0,40.32
5aac03b82a879503d806a022,17,medu4599142,3840.0,24370.0,62.92
5aabec6f2a879503da057e44,2,fscu7358757,2220.0,18000.0,30.0
5aabee362a879503d605b05f,4,hasu4665905,3890.0,2596.82,60.813
5aabe0cf2a879503d804a0c1,4,tclu9026853,3740.0,18080.0,16.8
5aabe1da2a879503d504c959,2,msku3148039,2280.0,18580.0,20.0
5aac0d822a879503d8073bf6,4,sudu8194914,4560.0,8904.013,30.524
5aac0f302a879503d607c127,17,mnbu0460951,4380.0,28840.0,51.912
5aac01c92a879503d806766c,1,apru5083827,4730.0,21550.0,51.0
5aac148b2a87952f48129950,12,msku1421000,3880.0,24078.5,53.04
5aabf0e32a879503d605d467,4,trhu1042680,2100.0,23380.0,25.0
5aac0f252a879503da077deb,4,uacu6025410,3800.0,23030.0,68.0
5aac01d62a879503d80681de,4,gatu8745940,3880.0,25560.0,26.595
5aac14962a87952f49129f90,17,ponu2059153,2280.0,27086.4,33.0
5aabf1dd2a879503d8059620,4,medu3736472,2280.0,25270.0,30.0
5aabdc572a879503da048224,4,gldu5349892,2300.0,19807.5,30.0
5aac01d62a879503d806822a,1,mswu0108413,4520.0,20790.0,15.84
5aabfaad2a879503da062d61,17,mscu3258248,2280.0,27082.08,33.0
5aabf1e62a879503d505a8e0,17,msku6647197,3700.0,25245.0,54.569
5aabe62e2a879503da053178,12,hasu1213711,2230.0,6728.3,27.773
5aabee342a879503d605ac83,4,hlxu8342721,3900.0,21876.47,17.332
5aabf0dc2a879503d605ce97,4,mnbu0029559,4640.0,25872.0,65.0
5aac0f322a879503d607c41b,17,gesu6550523,3830.0,25560.0,38.34
5aabcc912a87956a8628b251,4,medu8255124,3940.0,16888.0,32.94
5aabfab62a879503d6065690,4,gesu3426910,2200.0,22180.0,25.0
5aac0f322a879503d607c4e7,17,uetu2057692,2230.0,27086.4,33.0
5aabdf932a879503da04bb2f,3,caiu2662060,2200.0,4068.0,19.6
5aabec7d2a879503da058976,17,trhu1117691,2100.0,19256.25,30.0
5aabd00f2a87956a8328df60,4,hasu1369957,2220.0,11027.0,22.04
5aabfe5e2a879503d6069e40,4,medu6654547,2220.0,19280.0,29.0
5aabe62c2a879503da052f80,17,medu6294008,2280.0,27081.0,33.0
5aabdb732a879503da047299,17,cbhu3517576,2000.0,27086.4,33.0
5aac047b2a879503da06b79b,1,caru5730988,3690.0,5031.5,51.971
5aac03b62a879503d8069e4e,2,eisu2219810,2200.0,7274.49,25.0
5aabef132a879503d50569f2,3,gesu9507011,4660.0,24755.0,50.13
5aabdb7d2a879503da047e5f,4,zcsu8619650,3860.0,26200.0,48.0
5aac05582a879503d60741d9,1,mrku0986381,3700.0,1124.0,47.76
5aabef292a879503d50578ce,4,cxru1424246,4720.0,27740.64,58.0
5aabe1d32a879503d604e618,4,segu2802112,2180.0,21607.0,20.0
5aac0f342a879503da078c17,10,tcnu5444678,4000.0,25273.46,33.88
5aac03ac2a879503d806986a,17,medu2403395,2280.0,20200.0,25.41
5aabcf482a87956e81eb202b,1,tcnu2734035,3700.0,5030.38,33.77
5aabf0e42a879503d605d64f,2,mcru2036109,2710.0,2958.0,16.1
5aac14922a87952f48129e50,10,tllu4500680,4000.0,25273.46,33.88
5aabfe532a879503d6069438,4,cniu1175738,2200.0,20045.0,33.0
5aabe47b2a879503d6051b16,10,mrku2579364,3790.0,235.0,33.542
5aabdc6c2a879503da048d70,4,hlxu1105311,2350.0,5250.0,25.0
5aabd0182a87956a8328e7a8,4,caiu2685554,2200.0,6300.0,20.0
5aac148e2a87952f48129c20,3,tghu1234150,2200.0,4837.5,28.256
5aac047c2a879503da06b8db,1,medu8769036,3940.0,26078.0,40.0
5aabff322a879503d606bd9a,12,aphu6730403,3870.0,15840.0,57.86
5aabe1ce2a879503d604e2d0,4,sudu6842860,3860.0,8826.7,58.154
5aabef172a879503d5056af6,4,hasu1487625,2220.0,21607.0,17.0
5aabe1da2a879503d504c931,4,sudu1901070,2250.0,2066.94,12.952
5aabf1ed2a879503d505ada4,3,hasu5132433,3720.0,6384.0,54.642
5aac0f2b2a879503d607bddd,17,msku4016905,2220.0,27086.4,33.0
5aabf0e42a879503d605d66f,1,fscu5096806,4000.0,18373.0,28.98
5aabe1d72a879503d604e814,1,inbu5008636,3740.0,26134.5,55.0
5aac01cc2a879503d8067a68,1,msku6855550,3700.0,1834.8,46.3
5aac05572a879503d60740b7,10,cbhu8890941,4000.0,9913.0,25.12
5aabe0d22a879503d804a3f9,1,sudu7741806,2220.0,11839.789,12.585
5aabf1ec2a879503d505ad04,3,medu3944218,2280.0,27946.0,24.0
5aabf0e32a879503d605d4ff,4,caiu9423880,4020.0,12070.1,38.95
5aabf0d92a879503d605cc87,4,hamu1075082,2300.0,16500.0,20.0
5aabfaa52a879503da062645,2,sudu5416031,3800.0,21364.0,24.0
5aabdb792a879503da0479f9,17,mrku6146249,3810.0,25904.0,60.0
5aabfe5a2a879503d60699fc,3,nyku3619404,2200.0,1692.0,18.0
5aabcf2c2a87956e81eb17e3,4,segu8072773,4000.0,24560.0,24.56
5aabed492a879503da058a46,17,medu8286151,3940.0,28078.15,24.361
5aabfab62a879503d6065518,2,tcnu4802503,3900.0,6174.0,31.528
5aabfe5a2a879503d60699c0,4,beau4256446,3850.0,25064.0,48.53
5aabe0d12a879503d804a295,4,tllu4794538,3900.0,16836.76,38.844
5aabdb7d2a879503d604827e,17,mscu8068322,3712.0,25398.0,38.097
5aac03ab2a879503d806978e,2,mscu9499290,3940.0,7826.0,68.0
5aabf0db2a879503d605ce33,4,medu3682524,2280.0,27690.0,33.0
5aac055c2a879503d60746ed,1,trhu2467565,2300.0,15632.0,22.0
5aabdb802a879503d6048974,12,dfsu4254368,3700.0,20684.0,16.99
5aabf1cd2a879503d8058dae,1,mofu5829993,3800.0,4320.0,56.16
5aabf1f12a879503d505b070,17,fscu3560456,2220.0,27108.0,33.0
5aac35dc2a87954f5239a42b,1,mofu6727506,3800.0,1340.0,5.75
5aabfab62a879503d6065694,17,inku6539033,3890.0,25600.0,30.784
5aabdff52a879503d504add8,2,sudu8911450,3860.0,15312.0,45.0
5aabfe5a2a879503d6069acc,4,gldu5739484,2185.0,715.0,13.0
5aac01cc2a879503d80679c4,1,mwcu5319043,4640.0,28355.0,55.0
5aac0d842a879503d8073c66,4,tclu9047795,3600.0,20080.0,22.98
5aabec752a879503da0584f4,17,sudu6996628,3860.0,25843.0,38.752
5aabf0dc2a879503d605cf2b,4,hasu4623730,3860.0,3550.236,69.331
5aac0bb02a879503da07384a,3,hasu1363542,2220.0,4164.1,20.0
5aabef1a2a879503d5056c6e,4,tclu9027762,5000.0,22080.0,24.0
5aabee362a879503d605b03b,4,hasu4839885,3860.0,10238.54,54.174
5aac37182a87954f5439cc51,1,sudu8137339,4560.0,23017.5,38.88
5aabe0d72a879503d804aacf,4,uacu3464297,2320.0,17040.0,25.0
5aabe1cb2a879503d604e080,4,sudu7362398,2220.0,858.0,28.0
5aac21e32a87952f4a135d44,17,mrku7024081,2170.0,27081.0,30.0
5aabcc972a87956a8628be9b,1,mnbu3694090,4330.0,4248.05,48.672
5aabe0d02a879503d804a1ad,4,tghu3145793,2200.0,20340.0,7.35
5aabcc8f2a87956a8628afad,1,tcku4001705,3660.0,11113.0,43.61
5aabec7b2a879503da05882e,17,msku9911940,4000.0,10533.0,62.0
5aabfab82a879503d6065998,17,tolu1530012,3749.0,18408.0,67.0
5aabee312a879503d605a87f,3,gcnu1201661,2320.0,21546.0,50.0
5aabfab62a879503d606553c,17,segu5969680,3800.0,5441.0,59.072
5aabdfed2a879503d504a548,1,mscu6788262,2280.0,25060.0,25.0
5aac35e22a87954f5239ac4b,4,tcku1979466,2230.0,2640.0,50.0
5aabdff42a879503d504ad04,2,tcnu7909820,3900.0,24418.8,57.0
5aabf0d62a879503d605c847,4,sudu5963790,3950.0,4365.278,61.5
5aabfab42a879503da063553,17,dfsu2255160,2150.0,21740.0,28.0
5aac03a02a879503d80693aa,2,medu8797608,3940.0,11858.0,65.26
5aabd0172a87956a8328e500,2,fciu8190463,3900.0,9290.4,63.84
5aac21ec2a87952f4a1363ca,17,mswu0105230,4520.0,28005.1,50.0
5aac37182a87954f5439cbed,4,utcu4995207,5000.0,19832.52,24.6
5aac04772a879503da06b493,1,sudu8661027,3860.0,25843.0,38.752
5aabf0d82a879503d605cb6b,4,hlxu8139078,3950.0,28013.6,54.72
5aabee3c2a879503d605b67f,4,hasu4834672,3860.0,6536.61,39.68
5aabe0d62a879503d804a93d,10,hasu4239556,3860.0,18630.0,25.96
5aabcc932a87956a8628b4d5,4,hasu4698046,3860.0,25200.0,48.0
5aac04822a879503da06bf07,1,ttnu8487594,4700.0,22509.46,57.085
5aac0f312a879503d607c2e3,17,msku2896490,2260.0,27081.0,30.0
5aabee382a879503d605b543,4,hasu4967248,3860.0,10242.0,60.0
5aabe62e2a879503da053190,17,mscu5906669,3740.0,5414.3,57.42
5aac14852a87952f4912946a,17,tllu4431450,4000.0,21034.0,50.0
5aac0d882a879503d8073e18,4,tghu1801172,2180.0,20560.0,29.62
5aac35e32a87954f5239ace3,1,tcnu4914360,3900.0,10730.6,47.133
5aabcc962a87956a8628bb4f,1,ponu1674902,3800.0,3551.0,16.79
5aabec752a879503da058530,2,tghu4356300,3630.0,25225.0,25.0
5aac0f2f2a879503da0784cb,4,tghu9551640,3890.0,9494.0,48.4
5aabe1d52a879503d604e738,4,tclu5418178,3840.0,4035.165,40.0
5aac0d852a879503d8073c8e,17,ttnu8497740,4700.0,26636.891,50.0
5aabee2c2a879503da059fef,12,gldu5318130,2160.0,20940.0,27.0
5aabee342a879503d605acdb,4,dfsu2880064,2160.0,10242.9,24.12
5aac37172a87954f5439cb79,1,mrku3045810,3790.0,22736.0,54.0
5aabd0182a87956a8328e6f4,4,hasu4748086,3860.0,22460.0,52.9
5aabf0de2a879503d605d13f,4,blku1200514,3620.0,21100.0,18.46
5aabf0e12a879503d605d3b7,4,hasu4191088,3860.0,3044.42,63.162
5aabe1ce2a879503d604e238,4,mrku4851698,3810.0,11971.16,62.488
5aabe0d22a879503d804a3d5,10,cadu7037920,3940.0,7080.0,57.0
5aac37152a87954f5439ca71,4,tcku3550172,2230.0,27054.0,26.72
5aabee262a879503da059aff,17,ponu0411115,2300.0,27081.0,33.0
5aac055e2a879503d6074a21,10,ymlu3025855,2300.0,17680.0,21.0
5aac0f352a879503da078cdf,4,trlu7015674,3860.0,10139.0,40.0
5aabd0192a87956a8328e978,4,crxu6952830,4700.0,7651.91,24.0
5aabcf3d2a87956e81eb1b87,4,sudu8556340,3860.0,5560.0,41.98
5aabdfec2a879503d504a40c,3,uacu3386770,2320.0,1899.0,15.0
5aac03b92a879503d806a15a,2,tghu5057752,3800.0,10124.0,58.0
5aabe62c2a879503da052f8c,17,gldu9465930,2185.0,27081.0,33.0
5aac148f2a87952f49129b80,17,mrku9794950,2170.0,27086.4,33.0
5aac055c2a879503d6074701,12,axiu2174800,2200.0,27580.0,14.0
5aabfab72a879503d60657fc,17,ponu0396411,2300.0,27082.08,33.0
5aabdfea2a879503d504a0e0,4,cmau0332503,2190.0,24186.0,20.0
5aabec772a879503da058606,17,temu5939044,2180.0,20060.0,32.0
5aac37142a87954f5439c979,1,mrsu3747871,3720.0,5487.0,46.0
5aac01c52a879503d80673a4,1,temu9302774,4720.0,29087.0,29.0
5aabef262a879503d50575f6,4,bafu8604671,3890.0,22820.0,24.804
5aac21fa2a87952f4a136ba4,12,trhu1868429,2230.0,3598.0,26.87
5aabd0112a87956a8328e1c8,2,temu1047780,2100.0,6406.9,18.95
5aac0d692a879503d807327a,3,mscu4847108,2230.0,21732.0,40.0
5aabdfe82a879503d5049f58,3,trhu2719651,2180.0,22176.0,25.0
5aabf0e12a879503d605d377,1,medu6437963,2220.0,27086.4,33.0
5aabf0e02a879503d605d2e3,4,mscu9925230,3940.0,14702.32,61.921
5aabf1f52a879503d505b300,12,dryu4271786,3800.0,16500.0,55.0
5aac14892a87952f48129764,3,pciu9054991,3840.0,25700.0,64.0
5aabdf8e2a879503da04b833,3,crxu6945867,4700.0,28881.72,45.0
5aac0bac2a879503da073452,3,axiu1477720,3900.0,3613.5,64.09
5aabe0d02a879503d804a18d,1,msku5265040,2170.0,27086.4,33.0
5aac13c12a87952f4b128c27,10,sudu1314242,2250.0,3285.0,22.654
5aabdc632a879503da048a0c,4,fciu2230337,2220.0,20826.0,15.74
5aabee332a879503da05a81b,12,bmou5484039,3850.0,18718.0,29.45
5aac13b52a87952f4b12864f,12,temu9220784,4580.0,18580.656,51.199
5aac35e02a87954f5239a893,4,mlcu5504327,3660.0,22627.902,59.136
5aabf0e12a879503d605d3fb,4,hlxu8532059,3900.0,10626.0,31.925
5aac14872a87952f48129660,17,mrku6174533,3810.0,25040.0,67.0
5aabef102a879503d505697e,4,medu7589301,3840.0,25064.0,48.53
5aabd0192a87956a8328e8cc,4,gesu5604923,3840.0,3150.0,30.401
5aabfe572a879503d6069738,4,mrku2429826,3790.0,9238.18,45.016
5aac0f332a879503d607c60f,17,msku3005470,2230.0,27082.08,33.0
5aac35dd2a87954f5239a49b,1,msku9304421,3880.0,2387.6,39.036
5aabef1a2a879503d5056c66,2,tclu6875688,2200.0,2300.0,20.98
5aac055d2a879503d60747a1,1,msku2086971,2230.0,23184.0,23.0
5aabf0d82a879503d605cb37,4,hasu4707370,3860.0,3362.116,58.56
5aac055e2a879503d6074919,10,hasu4033502,3860.0,18510.0,22.833
5aabf1c82a879503d8058b5e,4,hasu5042685,3860.0,19105.08,30.533
5aabe1c32a879503d604dec4,1,mnbu3605072,4330.0,21651.0,50.0
5aac148b2a87952f481298ec,3,sudu8786261,3860.0,20290.3,69.029
5aabe1d92a879503d604e978,1,mswu0045450,4520.0,21840.0,60.0
5aac05612a879503d6074cf1,17,caxu6491820,2200.0,27510.0,20.0
5aabe1d12a879503d504c26d,4,sudu6532756,3950.0,16698.0,30.57
5aabfab62a879503d6065634,2,hlxu8294074,3900.0,22286.0,57.2
5aabdb722a879503da047081,17,csnu6378467,4000.0,25048.0,50.0
5aabf1f72a879503d505b510,12,medu6800180,2215.0,16247.84,26.164
5aac37172a87954f5439cb35,4,uacu6021348,3800.0,5383.5,68.0
5aac01d42a879503d8067eee,1,tghu1528875,2200.0,20060.0,30.0
5aabe1da2a879503d504c8e5,4,hasu4254530,3860.0,17769.0,30.0
5aac03b52a879503d8069d2a,2,beau2765655,2209.0,22500.0,25.0
5aac21e12a87952f4a135cd0,17,ponu1636630,3800.0,22400.0,60.0
5aabee382a879503d605b397,4,gvcu2204778,2180.0,19120.0,25.0
5aac13c62a87952f4b12914b,12,tclu7596841,2200.0,1263.0,12.6
5aabcf512a87956e81eb2449,1,mwcu6663407,4300.0,25263.0,40.0
5aac05572a879503d6074127,12,temu6539649,3820.0,19899.2,56.58
5aac371b2a87954f5439cdfd,1,mscu8427654,3940.0,25161.088,50.0
5aabdff12a879503d504aa44,2,uacu5761102,3800.0,7690.0,55.1
5aabfab42a879503d60653e0,4,fciu8491240,3900.0,22382.0,50.0
5aabee382a879503d605b483,3,gldu9431822,2180.0,15440.0,25.0
5aac21fb2a87952f4a136c30,12,mnbu3451207,4420.0,29073.0,20.0
5aabee302a879503da05a4db,17,mrku7769860,2150.0,21607.0,27.0
5aac0bae2a879503da07360e,17,blku1240219,3790.0,1.0,0.5
5aac21f32a87952f4a1367a6,12,sudu7816459,2220.0,7225.394,20.0
5aabe0d92a879503d804aceb,4,sudu8636446,3860.0,24664.0,40.0
5aabdb7c2a879503d604817e,17,crsu1042244,2250.0,22612.0,28.0
5aabf1cc2a879503d8058d36,4,tghu1971179,2200.0,25090.0,30.0
5aabec6f2a879503da057e7c,17,sudu7676531,2220.0,21607.0,30.0
5aabfab92a879503d6065bb4,3,zimu1270247,2220.0,15835.25,19.02
5aabe3cd2a879503d6050fa0,1,msku5843702,2170.0,27246.3,16.038
5aabcc962a87956a8628bc3f,10,vtgu4250442,3770.0,19740.0,20.0
5aabee312a879503d605a877,4,hlbu1384230,2300.0,24362.5,25.0
5aac0bb02a879503da0737fa,17,cxru1033977,4000.0,28840.0,31.724
5aabdff02a879503d504a8d8,4,hasu4907655,3860.0,3284.912,57.738
5aabe1d72a879503d504c675,4,sudu6854011,3860.0,21930.0,40.16
5aabdf902a879503da04b943,17,temu2109721,2185.0,27086.4,33.0
5aac0d772a879503d807387e,3,mofu0756997,3800.0,911.0,0.968
5aabe1cd2a879503d504bfb5,4,caiu2617800,2180.0,24204.0,25.0
5aac21f62a87952f4a13699e,3,hgtu2420535,3700.0,20120.0,20.9
5aabe62f2a879503da0532ac,17,caiu2853534,2200.0,27081.0,33.0
5aac055e2a879503d607492d,17,beau2832584,2210.0,20384.0,33.0
5aac0f342a879503da078bdf,4,tcnu8312968,3840.0,25200.0,48.0
5aabf1d92a879503d8059428,4,sutu2020141,3550.0,3560.0,0.5
5aac14822a87952f48129394,17,mrku8197482,2170.0,20057.0,30.0
5aabef202a879503d50570c2,4,sudu5250655,4560.0,27859.303,58.0
5aac21e52a87952f4a135e48,17,mrku2382312,3880.0,25560.0,38.34
5aabdc5f2a879503da0487b8,4,medu6180324,2280.0,1922.0,32.0
5aac0baa2a879503da0733e2,17,hasu5147428,3720.0,25038.1,50.0
5aabe0d62a879503d804a9bd,4,zcsu7026624,3900.0,26200.0,48.0
5aabcc972a87956a8628be93,3,temu9522737,4600.0,28881.72,45.0
5aabfe5f2a879503d6069fe4,4,fscu9914623,3900.0,25398.0,38.097
5aac35dd2a87954f5239a547,4,hlxu5081516,2300.0,18143.0,22.58
5aac03ab2a879503d80697b6,3,moru0613205,4650.0,22633.09,28.004
5aac14842a87952f491293b6,17,mrsu3173536,3810.0,26078.0,40.0
5aabd01a2a87956a8328eb2c,2,eitu1658670,4200.0,23960.4,65.0
5aac37082a87954f5439c4f1,10,gesu8101671,3670.0,23000.0,25.0
5aabd0182a87956a8328e6f0,4,gesu5605750,3840.0,13359.628,66.407
5aabf0d72a879503d605c9c3,4,sudu8042085,4620.0,26690.0,50.0
5aabe1d92a879503d604e9bc,4,sudu8773198,3860.0,2505.0,35.736
5aabe1d82a879503d504c72d,4,caxu4074685,3740.0,21889.71,30.413
5aabdb7e2a879503d604863a,10,nyku7944207,4650.0,8902.95,35.268
5aabfab52a879503d606541c,2,mrku4060249,3880.0,7810.812,57.48
5aabdfa02a879503da04c1fb,4,fciu2908018,2220.0,20560.0,25.0
5aac21e72a87952f4a136016,12,hlxu3432695,2390.0,877.72,23.0
5aabf9722a879503da0623ee,4,fscu9875023,3900.0,18085.06,41.377
5aabfab22a879503da0632f7,12,sudu5884768,4000.0,10400.0,53.64
5aabee322a879503d605a903,2,medu3876900,2280.0,8989.5,20.0
5aabed4f2a879503da059122,12,tclu9326779,4200.0,14560.0,60.76
5aabe1d32a879503d504c475,2,hasu4988298,3860.0,25234.0,30.0
5aabf0de2a879503d605d113,4,hasu1481144,2220.0,21607.0,22.0
5aac0d6b2a879503d80732fe,3,segu4076831,3830.0,12733.1,62.21
5aac0f312a879503da0786e3,1,mrku0493852,3700.0,4334.17,2.3
5aabec742a879503da058488,3,caiu9715352,3780.0,24770.0,68.0
5aac14822a87952f48129324,1,ttnu9483000,3880.0,23040.0,63.0
5aabee322a879503d605a9a3,4,hasu5175944,3720.0,2678.0,50.9
5aac14802a87952f481292a4,3,zcsu8700119,3900.0,21145.0,56.5
5aabf1eb2a879503d505ab70,3,mnbu0337905,4380.0,2663.2,35.05
5aabec652a879503da057af0,12,simu2682961,5000.0,20810.0,20.0
5aabee312a879503d605a807,2,caiu8466677,3820.0,17781.0,76.597
5aabe3c22a879503d6050c4c,1,msku2796504,2300.0,27246.2,16.038
5aabcf522a87956e81eb247d,4,sudu8574200,3860.0,3520.43,67.122
5aabee352a879503d605ae3b,4,bmou4517441,3860.0,16599.62,61.204
5aabe0cf2a879503d804a085,1,fciu2801457,2220.0,17065.6,28.0
5aabfaa82a879503da062881,3,sudu6750721,3860.0,7320.98,64.0
5aabdfee2a879503d504a5f4,4,uacu3856641,2290.0,16614.04,30.541
5aabf0e42a879503d605d597,4,tcnu7077000,3900.0,19717.2,33.88
5aabee252a879503da059a3f,17,dryu2004008,2200.0,23605.0,25.0
5aac0bb52a879503da073f18,3,mscu5624583,3740.0,11229.0,21.79
5aac13b92a87952f4b128873,17,szlu9074650,4750.0,22569.51,47.935
5aabee322a879503da05a6af,12,tcnu5358688,3900.0,24730.0,55.0
5aabdb822a879503d6048d8c,17,mnbu0250976,4570.0,27889.93,50.0
5aac04822a879503da06bf0f,1,mrku7500167,2170.0,4351.64,15.448
